ace,3,
ant,3,
arm,3,
ash,3,
axe,3,
bad,3,
bag,3,
bar,3,
bat,3,
bed,3,
bee,3,
BMW,3,
BMX,3,
bow,3,
box,3,
boy,3,
bus,3,
can,3,
cap,3,
cat,3,
cow,3,
cup,3,
cut,3,
day,3,
dew,3,
die,3,
dig,3,
DNA,3,
dog,3,
ear,3,
eat,3,
eel,3,
egg,3,
emu,3,
end,3,
eye,3,
flu,3,
fly,3,
fog,3,
fox,3,
fur,3,
gas,3,
gem,3,
God,3,
Gru,3,
ham,3,
hat,3,
hen,3,
hop,3,
hot,3,
hug,3,
hut,3,
ice,3,
ivy,3,
jaw,3,
keg,3,
key,3,
KFC,3,
lap,3,
lid,3,
log,3,
low,3,
map,3,
mop,3,
MTV,3,
mud,3,
mug,3,
nun,3,
nut,3,
oar,3,
oil,3,
old,3,
owl,3,
pan,3,
paw,3,
pie,3,
pig,3,
pin,3,
pot,3,
pro,3,
pub,3,
ram,3,
rat,3,
red,3,
rib,3,
rug,3,
run,3,
sad,3,
sea,3,
sew,3,
shy,3,
sit,3,
ski,3,
sky,3,
son,3,
spy,3,
sun,3,
tea,3,
tie,3,
tip,3,
toe,3,
toy,3,
tug,3,
UFO,3,
USB,3,
wax,3,
web,3,
wig,3,
zoo,3,
gru,3,
ivy,3,
ABBA,4,
acid,4,
acne,4,
afro,4,
arch,4,
Asia,4,
atom,4,
Audi,4,
baby,4,
bait,4,
bald,4,
ball,4,
bank,4,
bark,4,
barn,4,
base,4,
beak,4,
bean,4,
bear,4,
beef,4,
beer,4,
beet,4,
bell,4,
belt,4,
bill,4,
bird,4,
bite,4,
blue,4,
boar,4,
boat,4,
boil,4,
bomb,4,
book,4,
bowl,4,
bull,4,
burp,4,
cage,4,
cake,4,
cape,4,
cash,4,
cast,4,
cave,4,
cell,4,
chef,4,
chew,4,
chin,4,
clap,4,
claw,4,
clay,4,
coal,4,
coat,4,
coin,4,
cola,4,
cold,4,
comb,4,
cone,4,
copy,4,
cord,4,
cork,4,
corn,4,
crab,4,
crow,4,
Cuba,4,
cube,4,
cute,4,
dead,4,
deaf,4,
deep,4,
deer,4,
dent,4,
derp,4,
desk,4,
dice,4,
diet,4,
diva,4,
dock,4,
doll,4,
dome,4,
door,4,
Dora,4,
dots,4,
drip,4,
drum,4,
duck,4,
duel,4,
east,4,
echo,4,
Elmo,4,
Elsa,4,
exam,4,
face,4,
fall,4,
farm,4,
fast,4,
fern,4,
Finn,4,
fish,4,
fizz,4,
flag,4,
flea,4,
foil,4,
food,4,
fork,4,
fort,4,
frog,4,
full,4,
gang,4,
gasp,4,
gate,4,
germ,4,
gift,4,
girl,4,
glow,4,
glue,4,
goal,4,
goat,4,
gold,4,
golf,4,
good,4,
grid,4,
grin,4,
hair,4,
half,4,
halo,4,
hand,4,
hard,4,
harp,4,
head,4,
heat,4,
heel,4,
hell,4,
hero,4,
hill,4,
hive,4,
hoof,4,
hook,4,
horn,4,
hose,4,
Hulk,4,
hurt,4,
idea,4,
Ikea,4,
iPad,4,
iron,4,
jail,4,
JayZ,4,
jazz,4,
jeep,4,
king,4,
kiss,4,
kite,4,
kiwi,4,
knee,4,
knot,4,
lady,4,
lake,4,
lamb,4,
lamp,4,
lane,4,
lava,4,
leaf,4,
leak,4,
Lego,4,
legs,4,
lens,4,
lily,4,
lime,4,
line,4,
link,4,
lion,4,
lips,4,
loaf,4,
lock,4,
logo,4,
loot,4,
love,4,
luck,4,
lung,4,
lynx,4,
maid,4,
mall,4,
Mars,4,
mask,4,
maze,4,
meal,4,
meat,4,
melt,4,
meme,4,
milk,4,
mime,4,
mint,4,
mold,4,
mole,4,
monk,4,
moon,4,
moss,4,
moth,4,
nail,4,
Nasa,4,
navy,4,
neck,4,
Nemo,4,
nerd,4,
nest,4,
Nike,4,
noob,4,
nose,4,
nuke,4,
Olaf,4,
open,4,
orca,4,
Oreo,4,
oval,4,
page,4,
pain,4,
palm,4,
park,4,
path,4,
pear,4,
peas,4,
pike,4,
pill,4,
pine,4,
pink,4,
pipe,4,
plow,4,
plug,4,
poke,4,
polo,4,
pond,4,
pony,4,
poop,4,
poor,4,
pope,4,
pray,4,
puma,4,
punk,4,
race,4,
raft,4,
rail,4,
rain,4,
rake,4,
ramp,4,
read,4,
rest,4,
rice,4,
Rick,4,
ring,4,
risk,4,
rock,4,
roll,4,
Rome,4,
roof,4,
room,4,
root,4,
rose,4,
ruby,4,
rune,4,
safe,4,
sale,4,
salt,4,
sand,4,
scar,4,
seal,4,
seed,4,
shoe,4,
shop,4,
sick,4,
silo,4,
sing,4,
sink,4,
skin,4,
slam,4,
slow,4,
snow,4,
soap,4,
soda,4,
soil,4,
soup,4,
spin,4,
spit,4,
stab,4,
star,4,
step,4,
swag,4,
swan,4,
taco,4,
tail,4,
tank,4,
tape,4,
taxi,4,
tear,4,
tent,4,
text,4,
thin,4,
Thor,4,
thug,4,
tiny,4,
tire,4,
toad,4,
tomb,4,
trap,4,
tree,4,
tuba,4,
tuna,4,
turd,4,
twig,4,
type,4,
undo,4,
vein,4,
vent,4,
vine,4,
vise,4,
vote,4,
walk,4,
wall,4,
warm,4,
wart,4,
wasp,4,
wave,4,
weak,4,
well,4,
west,4,
wife,4,
wind,4,
wine,4,
wing,4,
wire,4,
wolf,4,
wool,4,
work,4,
worm,4,
Xbox,4,
yawn,4,
yeti,4,
Yoda,4,
yolk,4,
Zeus,4,
zoom,4,
Zuma,4,
ABBA,4,
acid,4,
bull,4,4
farm,4,
nose,4,
pain,4,
reed,4,
rice,4,
worm,4,
zuma,4,
abyss,5,
AC/DC,5,
acorn,5,
actor,5,
adult,5,
alarm,5,
alien,5,
alley,5,
angel,5,
angry,5,
anime,5,
anvil,5,
Apple,5,
armor,5,
arrow,5,
attic,5,
bacon,5,
bagel,5,
Bambi,5,
banjo,5,
beach,5,
belly,5,
below,5,
bench,5,
Bible,5,
bingo,5,
birch,5,
black,5,
blimp,5,
blind,5,
blood,5,
blush,5,
board,5,
boots,5,
brain,5,
brand,5,
bread,5,
brick,5,
bride,5,
broom,5,
brush,5,
bulge,5,
bunny,5,
cabin,5,
camel,5,
cello,5,
chain,5,
chair,5,
chalk,5,
cheek,5,
chess,5,
chest,5,
child,5,
chime,5,
China,5,
clean,5,
cliff,5,
climb,5,
cloak,5,
clock,5,
cloth,5,
cloud,5,
clown,5,
coach,5,
coast,5,
cobra,5,
comet,5,
coral,5,
crack,5,
crate,5,
cream,5,
crust,5,
Cupid,5,
curry,5,
daisy,5,
dance,5,
darts,5,
demon,5,
dirty,5,
dizzy,5,
dough,5,
drain,5,
drama,5,
dream,5,
dress,5,
drink,5,
drive,5,
drool,5,
Dumbo,5,
dwarf,5,
eagle,5,
Earth,5,
Egypt,5,
elbow,5,
elder,5,
emoji,5,
error,5,
fairy,5,
Fanta,5,
fence,5,
field,5,
Flash,5,
flask,5,
flock,5,
fluid,5,
flush,5,
flute,5,
frame,5,
fries,5,
frown,5,
fruit,5,
funny,5,
genie,5,
ghost,5,
giant,5,
glass,5,
globe,5,
gloss,5,
glove,5,
gnome,5,
Goofy,5,
goose,5,
graph,5,
grass,5,
grave,5,
greed,5,
grill,5,
groom,5,
gummy,5,
hairy,5,
happy,5,
heart,5,
heist,5,
hippo,5,
honey,5,
horse,5,
hotel,5,
house,5,
hyena,5,
India,5,
Intel,5,
Italy,5,
Japan,5,
jeans,5,
jello,5,
jelly,5,
Jenga,5,
joker,5,
judge,5,
juice,5,
kazoo,5,
kebab,5,
Kirby,5,
kneel,5,
knife,5,
koala,5,
label,5,
laser,5,
lasso,5,
leash,5,
leave,5,
leech,5,
lemon,5,
lemur,5,
limbo,5,
llama,5,
loser,5,
Luigi,5,
macho,5,
mafia,5,
magic,5,
magma,5,
Mario,5,
match,5,
mayor,5,
melon,5,
messy,5,
metal,5,
miner,5,
model,5,
money,5,
moose,5,
Morty,5,
mouse,5,
mouth,5,
movie,5,
Mummy,5,
night,5,
ninja,5,
north,5,
Notch,5,
novel,5,
nurse,5,
ocean,5,
onion,5,
opera,5,
orbit,5,
organ,5,
otter,5,
paint,5,
panda,5,
pants,5,
paper,5,
Paris,5,
party,5,
pasta,5,
patio,5,
pause,5,
peace,5,
peach,5,
pedal,5,
penny,5,
Pepsi,5,
petal,5,
piano,5,
pilot,5,
pinky,5,
pizza,5,
plank,5,
plate,5,
Pluto,5,
point,5,
poppy,5,
porch,5,
pound,5,
prawn,5,
prism,5,
prune,5,
Pumba,5,
purse,5,
queen,5,
queue,5,
quill,5,
quilt,5,
radar,5,
radio,5,
razor,5,
reeds,5,
river,5,
robin,5,
robot,5,
royal,5,
ruler,5,
salad,5,
Santa,5,
sauce,5,
sauna,5,
scarf,5,
scary,5,
scent,5,
scoop,5,
score,5,
screw,5,
scuba,5,
shake,5,
shape,5,
shark,5,
sheep,5,
shelf,5,
shell,5,
shirt,5,
shock,5,
short,5,
shout,5,
Shrek,5,
shrew,5,
shrub,5,
skull,5,
skunk,5,
Skype,5,
sleep,5,
slide,5,
slime,5,
slope,5,
sloth,5,
slump,5,
smell,5,
smile,5,
smoke,5,
snail,5,
snake,5,
socks,5,
Sonic,5,
sound,5,
south,5,
space,5,
spade,5,
Spain,5,
spark,5,
spear,5,
spine,5,
spool,5,
spoon,5,
spore,5,
squid,5,
stage,5,
stamp,5,
stand,5,
Steam,5,
sting,5,
stone,5,
stork,5,
storm,5,
stove,5,
straw,5,
study,5,
sugar,5,
sushi,5,
swamp,5,
swarm,5,
sweat,5,
swing,5,
sword,5,
table,5,
Tails,5,
taser,5,
thief,5,
think,5,
thumb,5,
tiger,5,
tired,5,
toast,5,
tooth,5,
torch,5,
totem,5,
touch,5,
towel,5,
tower,5,
train,5,
trend,5,
T-rex,5,
truck,5,
tumor,5,
udder,5,
uncle,5,
vault,5,
Venus,5,
video,5,
viola,5,
virus,5,
vodka,5,
vomit,5,
waist,5,
watch,5,
water,5,
whale,5,
wheel,5,
whisk,5,
white,5,
witch,5,
W-LAN,5,
world,5,
wound,5,
wrist,5,
Xerox,5,
x-ray,5,
yacht,5,
Yoshi,5,
young,5,
yo-yo,5,
zebra,5,
Zelda,5,
Zorro,5,
nurse,5,
pound,5,
space,5,
squid,5,
trend,5,
action,6,
Adidas,6,
Africa,6,
airbag,6,
almond,6,
alpaca,6,
anchor,6,
Anubis,6,
archer,6,
armpit,6,
baboon,6,
badger,6,
bakery,6,
ballet,6,
bamboo,6,
banana,6,
banker,6,
barber,6,
barrel,6,
basket,6,
Batman,6,
battle,6,
beanie,6,
beaver,6,
beetle,6,
bellow,6,
betray,6,
bleach,6,
booger,6,
border,6,
bottle,6,
bounce,6,
braces,6,
branch,6,
Brazil,6,
breath,6,
bridge,6,
bronze,6,
bruise,6,
bubble,6,
bucket,6,
bullet,6,
bumper,6,
butler,6,
butter,6,
button,6,
cactus,6,
camera,6,
Canada,6,
canary,6,
candle,6,
cannon,6,
canyon,6,
carpet,6,
carrot,6,
casino,6,
caviar,6,
cement,6,
cheeks,6,
cheese,6,
cherry,6,
Chrome,6,
church,6,
cicada,6,
cinema,6,
circle,6,
circus,6,
clover,6,
cocoon,6,
coffee,6,
coffin,6,
collar,6,
comedy,6,
cookie,6,
copper,6,
corner,6,
corpse,6,
cotton,6,
cousin,6,
cowboy,6,
coyote,6,
crayon,6,
credit,6,
cringe,6,
cruise,6,
cuckoo,6,
cyborg,6,
cymbal,6,
dagger,6,
Darwin,6,
desert,6,
Dexter,6,
diaper,6,
dinner,6,
doctor,6,
dollar,6,
donkey,6,
double,6,
dragon,6,
drawer,6,
driver,6,
earwax,6,
Easter,6,
embers,6,
Eminem,6,
engine,6,
eraser,6,
eskimo,6,
Europe,6,
fabric,6,
facade,6,
family,6,
farmer,6,
father,6,
faucet,6,
filter,6,
finger,6,
flower,6,
folder,6,
forest,6,
fossil,6,
France,6,
fridge,6,
galaxy,6,
Gandhi,6,
garage,6,
garden,6,
garlic,6,
gender,6,
gentle,6,
geyser,6,
goatee,6,
goblin,6,
Google,6,
grapes,6,
gravel,6,
Greece,6,
Grinch,6,
grumpy,6,
guitar,6,
hacker,6,
hammer,6,
handle,6,
hanger,6,
harbor,6,
Hawaii,6,
hazard,6,
health,6,
helmet,6,
hermit,6,
hippie,6,
hobbit,6,
hockey,6,
hunger,6,
hunter,6,
hurdle,6,
icicle,6,
impact,6,
insect,6,
inside,6,
iPhone,6,
island,6,
Israel,6,
jacket,6,
jaguar,6,
jester,6,
juggle,6,
jungle,6,
karate,6,
katana,6,
Kermit,6,
kettle,6,
kidney,6,
kitten,6,
knight,6,
kraken,6,
ladder,6,
laptop,6,
lawyer,6,
leader,6,
lizard,6,
London,6,
lotion,6,
lounge,6,
lyrics,6,
magnet,6,
makeup,6,
mantis,6,
marble,6,
market,6,
marmot,6,
mascot,6,
Medusa,6,
Mexico,6,
Minion,6,
minute,6,
mirror,6,
mohawk,6,
Monday,6,
monkey,6,
mother,6,
Mozart,6,
muffin,6,
muscle,6,
museum,6,
musket,6,
nachos,6,
napkin,6,
NASCAR,6,
nature,6,
needle,6,
nickel,6,
noodle,6,
Norway,6,
nugget,6,
nutmeg,6,
Obelix,6,
office,6,
omelet,6,
orange,6,
orchid,6,
oxygen,6,
oyster,6,
paddle,6,
palace,6,
papaya,6,
parade,6,
parrot,6,
pastry,6,
Paypal,6,
peanut,6,
pencil,6,
pepper,6,
person,6,
pickle,6,
picnic,6,
pigeon,6,
pigsty,6,
pillar,6,
pillow,6,
pimple,6,
pirate,6,
pistol,6,
plague,6,
planet,6,
player,6,
pocket,6,
poison,6,
poodle,6,
Popeye,6,
portal,6,
poster,6,
potato,6,
potion,6,
powder,6,
preach,6,
priest,6,
prince,6,
prison,6,
puddle,6,
puffin,6,
puppet,6,
purity,6,
puzzle,6,
quokka,6,
radish,6,
raisin,6,
rapper,6,
record,6,
Reddit,6,
remote,6,
repeat,6,
retail,6,
rewind,6,
ribbon,6,
robber,6,
rocket,6,
rubber,6,
Russia,6,
saddle,6,
safari,6,
saliva,6,
salmon,6,
Saturn,6,
school,6,
scream,6,
screen,6,
scythe,6,
search,6,
season,6,
second,6,
seesaw,6,
Segway,6,
sensei,6,
server,6,
shadow,6,
shovel,6,
shower,6,
silver,6,
skates,6,
skinny,6,
sledge,6,
sleeve,6,
Slinky,6,
sneeze,6,
sniper,6,
soccer,6,
socket,6,
sphinx,6,
spider,6,
spiral,6,
sponge,6,
sports,6,
spring,6,
square,6,
statue,6,
stereo,6,
stoned,6,
street,6,
stress,6,
strong,6,
studio,6,
stylus,6,
subway,6,
Sudoku,6,
summer,6,
switch,6,
tablet,6,
tailor,6,
tampon,6,
target,6,
Tarzan,6,
tattoo,6,
teapot,6,
tennis,6,
Tetris,6,
thirst,6,
throat,6,
throne,6,
ticket,6,
tickle,6,
tissue,6,
toilet,6,
tomato,6,
tongue,6,
toucan,6,
tripod,6,
trophy,6,
tunnel,6,
turkey,6,
turnip,6,
turtle,6,
tuxedo,6,
Tweety,6,
Uranus,6,
vacuum,6,
valley,6,
vanish,6,
victim,6,
violin,6,
vision,6,
volume,6,
voodoo,6,
vortex,6,
waffle,6,
waiter,6,
Wall-e,6,
walnut,6,
walrus,6,
wealth,6,
weapon,6,
weasel,6,
welder,6,
wiggle,6,
willow,6,
window,6,
winner,6,
winter,6,
wizard,6,
wreath,6,
wrench,6,
writer,6,
yellow,6,
yogurt,6,
zigzag,6,
zipper,6,
zombie,6,
Addida,6,
gentle,6,
Grinch,6,
repeat,6,
Tarzan,6,
airport,7,
Aladdin,7,
alcohol,7,
allergy,7,
America,7,
Android,7,
antenna,7,
anthill,7,
apricot,7,
assault,7,
Asterix,7,
athlete,7,
avocado,7,
baklava,7,
balance,7,
balcony,7,
balloon,7,
bandage,7,
bandana,7,
barcode,7,
bathtub,7,
battery,7,
bayonet,7,
bazooka,7,
beatbox,7,
bed bug,7,
bedtime,7,
bicycle,7,
Big Ben,7,
biology,7,
biscuit,7,
Bitcoin,7,
blanket,7,
blender,7,
bobsled,7,
bouncer,7,
bowling,7,
brownie,7,
burglar,7,
burrito,7,
butcher,7,
cabinet,7,
camping,7,
captain,7,
cartoon,7,
catalog,7,
catfish,7,
caveman,7,
ceiling,7,
centaur,7,
charger,7,
cheetah,7,
chicken,7,
chimney,7,
coaster,7,
coconut,7,
compass,7,
concert,7,
console,7,
country,7,
cowbell,7,
Creeper,7,
cricket,7,
Croatia,7,
crowbar,7,
crystal,7,
cupcake,7,
curtain,7,
cushion,7,
defense,7,
dentist,7,
dessert,7,
diagram,7,
diamond,7,
diploma,7,
Discord,7,
disease,7,
dishrag,7,
display,7,
divorce,7,
dolphin,7,
Doritos,7,
Dracula,7,
droplet,7,
drought,7,
earbuds,7,
eclipse,7,
emerald,7,
England,7,
equator,7,
evening,7,
eyebrow,7,
eyelash,7,
factory,7,
failure,7,
feather,7,
fencing,7,
Ferrari,7,
firefly,7,
fireman,7,
Florida,7,
florist,7,
fortune,7,
freezer,7,
funeral,7,
Gandalf,7,
garbage,7,
Germany,7,
giraffe,7,
glasses,7,
glitter,7,
gorilla,7,
gravity,7,
grenade,7,
Gumball,7,
haircut,7,
hammock,7,
hamster,7,
harpoon,7,
hashtag,7,
heading,7,
hexagon,7,
highway,7,
hip hop,7,
holiday,7,
horizon,7,
hot dog,7,
husband,7,
iceberg,7,
Ireland,7,
janitor,7,
jet ski,7,
journey,7,
karaoke,7,
kendama,7,
ketchup,7,
kitchen,7,
knuckle,7,
Kung Fu,7,
ladybug,7,
lantern,7,
Lasagna,7,
laundry,7,
leather,7,
lettuce,7,
library,7,
lighter,7,
lilypad,7,
loading,7,
lobster,7,
lottery,7,
luggage,7,
machine,7,
mailbox,7,
mailman,7,
mammoth,7,
manatee,7,
manhole,7,
mansion,7,
maracas,7,
massage,7,
meerkat,7,
Mercury,7,
mermaid,7,
message,7,
milkman,7,
minivan,7,
missile,7,
monster,7,
morning,7,
Mr Bean,7,
mustard,7,
narwhal,7,
Neptune,7,
network,7,
notepad,7,
nothing,7,
Nutella,7,
octagon,7,
octopus,7,
origami,7,
ostrich,7,
outside,7,
Pac-Man,7,
pajamas,7,
palette,7,
pancake,7,
panther,7,
parents,7,
parking,7,
patient,7,
Patrick,7,
patriot,7,
peacock,7,
peasant,7,
pelican,7,
penguin,7,
perfume,7,
Picasso,7,
pickaxe,7,
Pikachu,7,
pinball,7,
plumber,7,
plunger,7,
Pokemon,7,
popcorn,7,
popular,7,
present,7,
pretzel,7,
printer,7,
protest,7,
provoke,7,
pudding,7,
pumpkin,7,
pyramid,7,
quarter,7,
raccoon,7,
racecar,7,
rainbow,7,
ravioli,7,
reality,7,
referee,7,
reptile,7,
Romania,7,
rooster,7,
Samsung,7,
sandbox,7,
sausage,7,
science,7,
seafood,7,
seagull,7,
seasick,7,
seaweed,7,
shallow,7,
shampoo,7,
shoebox,7,
shotgun,7,
silence,7,
skyline,7,
snowman,7,
soldier,7,
spatula,7,
speaker,7,
spinach,7,
spoiler,7,
stadium,7,
stapler,7,
stomach,7,
student,7,
sunburn,7,
sunrise,7,
surface,7,
surgeon,7,
sweater,7,
tadpole,7,
teacher,7,
thunder,7,
timpani,7,
Titanic,7,
toaster,7,
toenail,7,
toolbox,7,
top hat,7,
tornado,7,
torpedo,7,
tourist,7,
tractor,7,
traffic,7,
trailer,7,
trigger,7,
trumpet,7,
Twitter,7,
ukulele,7,
unibrow,7,
unicorn,7,
uniform,7,
upgrade,7,
vaccine,7,
vampire,7,
vanilla,7,
Vatican,7,
victory,7,
village,7,
villain,7,
vinegar,7,
vitamin,7,
vlogger,7,
volcano,7,
vulture,7,
wake up,7,
weather,7,
website,7,
wedding,7,
western,7,
whisper,7,
whistle,7,
wingnut,7,
witness,7,
wrinkle,7,
Youtube,7,
zipline,7,
mermaid,7,
nothing,7,
pancake,7,
abstract,8,
accident,8,
addition,8,
adorable,8,
aircraft,8,
airplane,8,
anaconda,8,
anteater,8,
antelope,8,
applause,8,
aquarium,8,
assassin,8,
asteroid,8,
Atlantis,8,
audience,8,
backbone,8,
backflip,8,
backpack,8,
bagpipes,8,
baguette,8,
Band-Aid,8,
barbecue,8,
basement,8,
bathroom,8,
bean bag,8,
birthday,8,
blizzard,8,
blowfish,8,
bookmark,8,
bracelet,8,
broccoli,8,
brunette,8,
building,8,
bunk bed,8,
bus stop,8,
calendar,8,
campfire,8,
canister,8,
car wash,8,
carnival,8,
catapult,8,
cauldron,8,
Cerberus,8,
chainsaw,8,
champion,8,
chemical,8,
chestnut,8,
clarinet,8,
cocktail,8,
collapse,8,
comedian,8,
complete,8,
computer,8,
confused,8,
corn dog,8,
crossbow,8,
crucible,8,
cucumber,8,
cupboard,8,
customer,8,
cylinder,8,
dandruff,8,
daughter,8,
Deadpool,8,
delivery,8,
detonate,8,
diagonal,8,
dinosaur,8,
disaster,8,
distance,8,
doghouse,8,
dominoes,8,
doorknob,8,
download,8,
drum kit,8,
dynamite,8,
eggplant,8,
Einstein,8,
election,8,
elephant,8,
elevator,8,
employer,8,
engineer,8,
espresso,8,
exercise,8,
fabulous,8,
Facebook,8,
festival,8,
figurine,8,
fireball,8,
fireside,8,
firework,8,
flagpole,8,
flamingo,8,
forehead,8,
fortress,8,
fountain,8,
freckles,8,
frosting,8,
gangster,8,
gardener,8,
Garfield,8,
gas mask,8,
gasoline,8,
goldfish,8,
graffiti,8,
handicap,8,
hard hat,8,
hay bale,8,
hazelnut,8,
headache,8,
headband,8,
hedgehog,8,
Hercules,8,
homeless,8,
hospital,8,
industry,8,
infinite,8,
insomnia,8,
internet,8,
invasion,8,
Iron Man,8,
jalapeno,8,
kangaroo,8,
keyboard,8,
landlord,8,
language,8,
lemonade,8,
levitate,8,
licorice,8,
lipstick,8,
lollipop,8,
macaroni,8,
magazine,8,
magician,8,
manicure,8,
marathon,8,
marigold,8,
matchbox,8,
mattress,8,
meatball,8,
meatloaf,8,
mechanic,8,
Mercedes,8,
midnight,8,
military,8,
Miniclip,8,
minigolf,8,
Minotaur,8,
mosquito,8,
mothball,8,
mountain,8,
Mr. Bean,8,
murderer,8,
mushroom,8,
mustache,8,
neighbor,8,
nostrils,8,
notebook,8,
nutshell,8,
panpipes,8,
parakeet,8,
password,8,
pavement,8,
pendulum,8,
pet food,8,
pet shop,8,
pinwheel,8,
platypus,8,
ponytail,8,
Popsicle,8,
portrait,8,
Portugal,8,
Poseidon,8,
positive,8,
postcard,8,
pregnant,8,
princess,8,
Pringles,8,
raincoat,8,
raindrop,8,
reindeer,8,
religion,8,
revolver,8,
ringtone,8,
rockstar,8,
sailboat,8,
sandwich,8,
scissors,8,
Scotland,8,
scribble,8,
sea lion,8,
seahorse,8,
seashell,8,
security,8,
shoelace,8,
shopping,8,
shoulder,8,
six pack,8,
skeleton,8,
ski jump,8,
Skittles,8,
Skrillex,8,
slippery,8,
snowball,8,
sombrero,8,
sparkles,8,
squirrel,8,
starfish,8,
stingray,8,
streamer,8,
suitcase,8,
sunshade,8,
Superman,8,
survivor,8,
swimsuit,8,
symphony,8,
tabletop,8,
take off,8,
teaspoon,8,
tentacle,8,
tiramisu,8,
tortoise,8,
trapdoor,8,
traveler,8,
treasure,8,
triangle,8,
tricycle,8,
triplets,8,
trombone,8,
tropical,8,
umbrella,8,
unicycle,8,
universe,8,
vacation,8,
vertical,8,
violence,8,
vuvuzela,8,
werewolf,8,
WhatsApp,8,
windmill,8,
wireless,8,
wrapping,8,
wrestler,8,
yearbook,8,
youtuber,8,
zeppelin,8,
antelope,8,
marathon,8,
accordion,9,
addiction,9,
afterlife,9,
albatross,9,
alligator,9,
ambulance,9,
Amsterdam,9,
animation,9,
antivirus,9,
apartment,9,
apple pie,9,
architect,9,
Argentina,9,
armadillo,9,
astronaut,9,
asymmetry,9,
Australia,9,
autograph,9,
back pain,9,
ballerina,9,
barbarian,9,
bartender,9,
beanstalk,9,
bear trap,9,
bed sheet,9,
Beethoven,9,
billiards,9,
bird bath,9,
blindfold,9,
blueberry,9,
bodyguard,9,
Bomberman,9,
bookshelf,9,
boomerang,9,
brainwash,9,
breakfast,9,
broadcast,9,
Bruce Lee,9,
bulldozer,9,
butterfly,9,
Capricorn,9,
cardboard,9,
carnivore,9,
carpenter,9,
Cat Woman,9,
cathedral,9,
celebrate,9,
celebrity,9,
centipede,9,
chameleon,9,
champagne,9,
Chewbacca,9,
chihuahua,9,
Chinatown,9,
chocolate,9,
Christmas,9,
cigarette,9,
classroom,9,
clickbait,9,
clownfish,9,
cockroach,9,
Colosseum,9,
commander,9,
communism,9,
community,9,
condiment,9,
continent,9,
corkscrew,9,
cornfield,9,
crocodile,9,
croissant,9,
dalmatian,9,
dandelion,9,
dashboard,9,
deodorant,9,
depressed,9,
desperate,9,
detective,9,
dispenser,9,
dollhouse,9,
dragonfly,9,
duct tape,9,
Elon Musk,9,
evaporate,9,
evolution,9,
Excalibur,9,
excavator,9,
explosion,9,
eyeshadow,9,
fast food,9,
filmmaker,9,
fingertip,9,
firehouse,9,
fireplace,9,
fireproof,9,
fish bowl,9,
fisherman,9,
frostbite,9,
full moon,9,
furniture,9,
generator,9,
gentleman,9,
geography,9,
gladiator,9,
glowstick,9,
godfather,9,
golf cart,9,
graveyard,9,
hairbrush,9,
hairspray,9,
hamburger,9,
handshake,9,
harmonica,9,
headboard,9,
hibernate,9,
high five,9,
hilarious,9,
Hollywood,9,
honeycomb,9,
hopscotch,9,
horsewhip,9,
hot sauce,9,
hourglass,9,
Hula Hoop,9,
hypnotize,9,
ice cream,9,
incognito,9,
injection,9,
interview,9,
invention,9,
invisible,9,
jellyfish,9,
John Cena,9,
jump rope,9,
junk food,9,
King Kong,9,
Lady Gaga,9,
landscape,9,
Las Vegas,9,
lava lamp,9,
librarian,9,
lightbulb,9,
lightning,9,
limousine,9,
Lion King,9,
magnifier,9,
mannequin,9,
margarine,9,
marmalade,9,
McDonalds,9,
megaphone,9,
meteorite,9,
Microsoft,9,
microwave,9,
milkshake,9,
Milky Way,9,
Minecraft,9,
Mona Lisa,9,
motorbike,9,
mousetrap,9,
nail file,9,
newspaper,9,
nightclub,9,
nightmare,9,
nose hair,9,
nose ring,9,
nosebleed,9,
orangutan,9,
orchestra,9,
paintball,9,
palm tree,9,
paper bag,9,
parachute,9,
peninsula,9,
pensioner,9,
Peppa Pig,9,
pepperoni,9,
periscope,9,
Photoshop,9,
pine cone,9,
pineapple,9,
Pinocchio,9,
pistachio,9,
pitchfork,9,
poisonous,9,
policeman,9,
pollution,9,
porcupine,9,
Porky Pig,9,
president,9,
price tag,9,
professor,9,
promotion,9,
quicksand,9,
radiation,9,
raspberry,9,
reception,9,
rectangle,9,
recycling,9,
roadblock,9,
saltwater,9,
sandstorm,9,
satellite,9,
saxophone,9,
scarecrow,9,
scientist,9,
sculpture,9,
seat belt,9,
shipwreck,9,
signature,9,
Singapore,9,
skydiving,9,
slingshot,9,
snowboard,9,
snowflake,9,
spaceship,9,
spaghetti,9,
Spartacus,9,
spelunker,9,
Spiderman,9,
SpongeBob,9,
sprinkler,9,
Squidward,9,
Star Wars,9,
starfruit,9,
Stone Age,9,
stop sign,9,
submarine,9,
sunflower,9,
surfboard,9,
swordfish,9,
tangerine,9,
tarantula,9,
telephone,9,
telescope,9,
Teletubby,9,
tombstone,9,
toothpick,9,
tow truck,9,
translate,9,
trash can,9,
treadmill,9,
treehouse,9,
Vault boy,9,
vegetable,9,
wallpaper,9,
warehouse,9,
water gun,9,
waterfall,9,
Wolverine,9,
workplace,9,
wrestling,9,
xylophone,9,
yardstick,9,
shoulders,9,
anglerfish,10,
Antarctica,10,
apocalypse,10,
apple seed,10,
aristocrat,10,
basketball,10,
battleship,10,
Bill Gates,10,
binoculars,10,
black hole,10,
blackberry,10,
blacksmith,10,
bricklayer,10,
broomstick,10,
bubble gum,10,
Bugs Bunny,10,
bus driver,10,
cab driver,10,
can opener,10,
cappuccino,10,
cell phone,10,
chandelier,10,
cheesecake,10,
chest hair,10,
chestplate,10,
chimpanzee,10,
chinchilla,10,
chopsticks,10,
comic book,10,
commercial,10,
controller,10,
cookie jar,10,
coral reef,10,
Daffy Duck,10,
dictionary,10,
diss track,10,
earthquake,10,
face paint,10,
fake teeth,10,
Family Guy,10,
fingernail,10,
fire alarm,10,
fire truck,10,
fist fight,10,
flashlight,10,
floodlight,10,
flying pig,10,
glue stick,10,
gold chain,10,
golden egg,10,
graduation,10,
grapefruit,10,
Great Wall,10,
guillotine,10,
guinea pig,10,
gummy bear,10,
gummy worm,10,
Happy Meal,10,
headphones,10,
helicopter,10,
hieroglyph,10,
high heels,10,
high score,10,
hitchhiker,10,
Home Alone,10,
hovercraft,10,
Iron Giant,10,
jackhammer,10,
James Bond,10,
journalist,10,
Katy Perry,10,
laboratory,10,
lawn mower,10,
leprechaun,10,
lighthouse,10,
lightsaber,10,
litter box,10,
London Eye,10,
lumberjack,10,
Madagascar,10,
magic wand,10,
mayonnaise,10,
microphone,10,
microscope,10,
Mont Blanc,10,
Morse code,10,
motorcycle,10,
nutcracker,10,
overweight,10,
pharmacist,10,
photograph,10,
piggy bank,10,
playground,10,
pogo stick,10,
polar bear,10,
programmer,10,
punishment,10,
rainforest,10,
razorblade,10,
red carpet,10,
reflection,10,
restaurant,10,
rhinoceros,10,
Robin Hood,10,
Scooby Doo,10,
semicircle,10,
silverware,10,
skateboard,10,
skribbl.io,10,
skyscraper,10,
space suit,10,
Steve Jobs,10,
strawberry,10,
Suez Canal,10,
sunglasses,10,
superpower,10,
tablecloth,10,
teddy bear,10,
television,10,
Terminator,10,
tissue box,10,
toothbrush,10,
toothpaste,10,
trick shot,10,
Usain Bolt,10,
vegetarian,10,
video game,10,
Vin Diesel,10,
volleyball,10,
windshield,10,
wine glass,10,
wonderland,10,
woodpecker,10,
mont blanc,10,
Angry Birds,11,
barbed wire,11,
bell pepper,11,
bottle flip,11,
butt cheeks,11,
caterpillar,11,
cauliflower,11,
ceiling fan,11,
cheerleader,11,
coast guard,11,
coffee shop,11,
color-blind,11,
comfortable,11,
crawl space,11,
credit card,11,
Donald Duck,11,
electrician,11,
electricity,11,
firecracker,11,
firefighter,11,
floppy disk,11,
fly swatter,11,
forest fire,11,
grandmother,11,
grasshopper,11,
gravedigger,11,
hair roller,11,
Hello Kitty,11,
hummingbird,11,
imagination,11,
Jackie Chan,11,
Kim Jong-un,11,
magic trick,11,
marshmallow,11,
motherboard,11,
Mr Meeseeks,11,
nail polish,11,
Netherlands,11,
New Zealand,11,
North Korea,11,
observatory,11,
pencil case,11,
photo frame,11,
pirate ship,11,
Playstation,11,
pot of gold,11,
sand castle,11,
spray paint,11,
Stegosaurus,11,
supermarket,11,
talent show,11,
taxi driver,11,
temperature,11,
The Beatles,11,
thermometer,11,
Tooth Fairy,11,
underground,11,
underweight,11,
water cycle,11,
wheelbarrow,11,
spray paint,11,
Barack Obama,12,
Bart Simpson,12,
belly button,12,
Black Friday,12,
broken heart,12,
cheeseburger,12,
Chuck Norris,12,
conversation,12,
cotton candy,12,
Donald Trump,12,
Easter Bunny,12,
Eiffel tower,12,
electric car,12,
fast forward,12,
fire hydrant,12,
flamethrower,12,
Frankenstein,12,
golden apple,12,
Harry Potter,12,
intersection,12,
Jesus Christ,12,
Johnny Bravo,12,
kindergarten,12,
Mickey Mouse,12,
Mr. Meeseeks,12,
neighborhood,12,
notification,12,
photographer,12,
pillow fight,12,
Pink Panther,12,
receptionist,12,
relationship,12,
skateboarder,12,
sledgehammer,12,
social media,12,
Solar System,12,
table tennis,12,
thunderstorm,12,
time machine,12,
Tower Bridge,12,
truck driver,12,
Velociraptor,12,
veterinarian,12,
Wonder Woman,12,
Yin and Yang,12,
advertisement,13,
archaeologist,13,
demonstration,13,
Finn and Jake,13,
Green Lantern,13,
Homer Simpson,13,
hot chocolate,13,
Jimmy Neutron,13,
Mount Everest,13,
Robbie Rotten,13,
shaving cream,13,
shopping cart,13,
swimming pool,13,
tennis racket,13,
Tower of Pisa,13,
traffic light,13,
Angelina Jolie,14,
bungee jumping,14,
cherry blossom,14,
clothes hanger,14,
Cookie Monster,14,
fidget spinner,14,
Jack-o-lantern,14,
Morgan Freeman,14,
Mount Rushmore,14,
sewing machine,14,
snowball fight,14,
Susan Wojcicki,14,
Abraham Lincoln,15,
air conditioner,15,
Captain America,15,
Charlie Chaplin,15,
Crash Bandicoot,15,
electric guitar,15,
fitness trainer,15,
Fred Flintstone,15,
ice cream truck,15,
Mark Zuckerberg,15,
Michael Jackson,15,
Nintendo Switch,15,
Northern Lights,15,
procrastination,15,
Sherlock Holmes,15,
virtual reality,15,
William Wallace,15,
Winnie the Pooh,15,
Darwin Watterson,16,
fashion designer,16,
flight attendant,16,
pencil sharpener,16,
Phineas and Ferb,16,
Leonardo da Vinci,17,
Leonardo DiCaprio,17,
Statue of Liberty,17,
Sydney Opera House,18,
Leonardo Di Caprio,18,
Sydney Opera House,18,
William Shakespeare,19,
Pac-Man,7
bow,3
Apple,5
chest,5
six pack,8
nail,4
tornado,7
Mickey Mouse,12
Youtube,7
lightning,9
traffic light,13
waterfall,9
McDonalds,9
Donald Trump,12
Patrick,7
stop sign,9
Superman,8
tooth,5
sunflower,9
keyboard,8
island,6
Pikachu,7
Harry Potter,12
Nintendo Switch,15
Facebook,8
eyebrow,7
Peppa Pig,9
SpongeBob,9
Creeper,7
octopus,7
church,6
Eiffel tower,12
tongue,6
snowflake,9
fish,4
Twitter,7
pan,3
Jesus Christ,12
butt cheeks,11
jail,4
Pepsi,5
hospital,8
pregnant,8
thunderstorm,12
smile,5
skull,5
flower,6
palm tree,9
Angry Birds,11
America,7
lips,4
cloud,5
compass,7
mustache,8
Captain America,15
pimple,6
Easter Bunny,12
chicken,7
Elmo,4
watch,5
prison,6
skeleton,8
arrow,5
volcano,7
Minion,6
school,6
tie,3
lighthouse,10
fountain,8
Cookie Monster,14
Iron Man,8
Santa,5
blood,5
river,5
bar,3
Mount Everest,13
chest hair,10
Gumball,7
north,5
water,5
cactus,6
treehouse,9
bridge,6
short,5
thumb,5
beach,5
mountain,8
Nike,4
flag,4
Paris,5
eyelash,7
Shrek,5
brain,5
iceberg,7
fingernail,10
playground,10
ice cream,9
Google,6
dead,4
knife,5
spoon,5
unibrow,7
Spiderman,9
black,5
graveyard,9
elbow,5
golden egg,10
yellow,6
Germany,7
Adidas,6
nose hair,9
Deadpool,8
Homer Simpson,13
Bart Simpson,12
rainbow,7
ruler,5
building,8
raindrop,8
storm,5
coffee shop,11
windmill,8
fidget spinner,14
yo-yo,5
ice,3
legs,4
tent,4
mouth,5
ocean,5
Fanta,5
homeless,8
tablet,6
muscle,6
Pinocchio,9
tear,4
nose,4
snow,4
nostrils,8
Olaf,4
belly button,12
Lion King,9
car wash,8
Egypt,5
Statue of Liberty,17
Hello Kitty,11
pinky,5
Winnie the Pooh,15
guitar,6
Hulk,4
Grinch,6
Nutella,7
cold,4
flagpole,8
Canada,6
rainforest,10
blue,4
rose,4
tree,4
hot,3
mailbox,7
Nemo,4
crab,4
knee,4
doghouse,8
Chrome,6
cotton candy,12
Barack Obama,12
hot chocolate,13
Michael Jackson,15
map,3
Samsung,7
shoulder,8
Microsoft,9
parking,7
forest,6
full moon,9
cherry blossom,14
apple seed,10
Donald Duck,11
leaf,4
bat,3
earwax,6
Italy,5
finger,6
seed,4
lilypad,7
brush,5
record,6
wrist,5
thunder,7
gummy,5
Kirby,5
fire hydrant,12
overweight,10
hot dog,7
house,5
fork,4
pink,4
Sonic,5
street,6
Nasa,4
arm,3
fast,4
tunnel,6
full,4
library,7
pet shop,8
Yoshi,5
Russia,6
drum kit,8
Android,7
Finn and Jake,13
price tag,9
Tooth Fairy,11
bus stop,8
rain,4
heart,5
face,4
tower,5
bank,4
cheeks,6
Batman,6
speaker,7
Thor,4
skinny,6
electric guitar,15
belly,5
cute,4
ice cream truck,15
bubble gum,10
top hat,7
Pink Panther,12
hand,4
bald,4
freckles,8
clover,6
armpit,6
Japan,5
thin,4
traffic,7
spaghetti,9
Phineas and Ferb,16
broken heart,12
fingertip,9
funny,5
poisonous,9
Wonder Woman,12
Squidward,9
Mark Zuckerberg,15
twig,4
red,3
China,5
dream,5
Dora,4
daisy,5
France,6
Discord,7
toenail,7
positive,8
forehead,8
earthquake,10
iron,4
Zeus,4
Mercedes,8
Big Ben,7
supermarket,11
Bugs Bunny,10
Yin and Yang,12
drink,5
rock,4
drum,4
piano,5
white,5
bench,5
fall,4
royal,5
seashell,8
Audi,4
stomach,7
aquarium,8
Bitcoin,7
volleyball,10
marshmallow,11
Cat Woman,9
underground,11
Green Lantern,13
bottle flip,11
toothbrush,10
globe,5
sand,4
zoo,3
west,4
puddle,6
lobster,7
North Korea,11
Luigi,5
bamboo,6
Great Wall,10
Kim Jong-un,11
bad,3
credit card,11
swimming pool,13
Wolverine,9
head,4
hair,4
Yoda,4
Elsa,4
turkey,6
heel,4
maracas,7
clean,5
droplet,7
cinema,6
poor,4
stamp,5
Africa,6
whistle,7
Teletubby,9
wind,4
Aladdin,7
tissue box,10
fire truck,10
Usain Bolt,10
water gun,9
farm,4
iPad,4
well,4
warm,4
booger,6
WhatsApp,8
Skype,5
landscape,9
pine cone,9
Mexico,6
slow,4
organ,5
fish bowl,9
teddy bear,10
John Cena,9
Frankenstein,12
tennis racket,13
gummy bear,10
Mount Rushmore,14
swing,5
Mario,5
lake,4
point,5
vein,4
cave,4
smell,5
chin,4
desert,6
scary,5
Dracula,7
airport,7
kiwi,4
seaweed,7
incognito,9
Pluto,5
statue,6
hairy,5
strawberry,10
low,3
invisible,9
blindfold,9
tuna,4
controller,10
Paypal,6
King Kong,9
neck,4
lung,4
weather,7
Xbox,4
tiny,4
icicle,6
flashlight,10
scissors,8
emoji,5
strong,6
saliva,6
firefighter,11
salmon,6
basketball,10
spring,6
Tarzan,6
red carpet,10
drain,5
coral reef,10
nose ring,9
caterpillar,11
Wall-e,6
seat belt,9
polar bear,10
Scooby Doo,10
wave,4
sea,3
grass,5
pancake,7
park,4
lipstick,8
pickaxe,7
east,4
grenade,7
village,7
Flash,5
throat,6
dizzy,5
Asia,4
petal,5
Gru,3
country,7
spaceship,9
restaurant,10
copy,4
skin,4
glue stick,10
Garfield,8
equator,7
blizzard,8
golden apple,12
Robin Hood,10
fast food,9
barbed wire,11
Bill Gates,10
Tower of Pisa,13
neighborhood,12
lightsaber,10
video game,10
high heels,10
dirty,5
flamethrower,12
pencil sharpener,16
hill,4
old,3
flute,5
cheek,5
violin,6
fireball,8
spine,5
bathtub,7
cell phone,10
breath,6
open,4
Australia,9
toothpaste,10
Tails,5
skyscraper,10
cowbell,7
rib,3
ceiling fan,11
Eminem,6
Jimmy Neutron,13
photo frame,11
barn,4
sandstorm,9
Jackie Chan,11
Abraham Lincoln,15
T-rex,5
pot of gold,11
KFC,3
shell,5
poison,6
acne,4
avocado,7
study,5
bandana,7
England,7
Medusa,6
scar,4
Skittles,8
Pokemon,7
branch,6
Dumbo,5
factory,7
Hollywood,9
deep,4
knuckle,7
popular,7
piggy bank,10
Las Vegas,9
microphone,10
Tower Bridge,12
butterfly,9
slide,5
hut,3
shovel,6
hamburger,9
shop,4
fort,4
Ikea,4
planet,6
border,6
panda,5
highway,7
swamp,5
tropical,8
lightbulb,9
Kermit,6
headphones,10
jungle,6
Reddit,6
young,5
trumpet,7
cheeseburger,12
gas mask,8
apartment,9
manhole,7
nutcracker,10
Antarctica,10
mansion,7
bunk bed,8
sunglasses,10
spray paint,11
Jack-o-lantern,14
saltwater,9
tank,4
cliff,5
campfire,8
palm,4
pumpkin,7
elephant,8
banjo,5
nature,6
alley,5
fireproof,9
earbuds,7
crossbow,8
Elon Musk,9
quicksand,9
Playstation,11
Hawaii,6
good,4
corn dog,8
Gandalf,7
dock,4
magic wand,10
field,5
Solar System,12
photograph,10
ukulele,7
James Bond,10
The Beatles,11
Katy Perry,10
pirate ship,11
Poseidon,8
Netherlands,11
photographer,12
Lego,4
hourglass,9
glass,5
path,4
hotel,5
ramp,4
dandelion,9
Brazil,6
coral,5
cigarette,9
messy,5
Dexter,6
valley,6
parachute,9
wine glass,10
matchbox,8
Morgan Freeman,14
black hole,10
midnight,8
astronaut,9
paper bag,9
sand castle,11
forest fire,11
hot sauce,9
social media,12
William Shakespeare,19
trash can,9
fire alarm,10
lawn mower,10
nail polish,11
Band-Aid,8
Star Wars,9
clothes hanger,14
toe,3
mud,3
coconut,7
jaw,3
bomb,4
south,5
firework,8
sailboat,8
loading,7
iPhone,6
toothpick,9
BMW,3
ketchup,7
fossil,6
explosion,9
Finn,4
Einstein,8
infinite,8
dictionary,10
Photoshop,9
trombone,8
clarinet,8
rubber,6
saxophone,9
helicopter,10
temperature,11
bus driver,10
cello,5
London,6
newspaper,9
blackberry,10
shopping cart,13
Florida,7
Daffy Duck,10
mayonnaise,10
gummy worm,10
flying pig,10
underweight,11
Crash Bandicoot,15
bungee jumping,14
kindergarten,12
umbrella,8
hammer,6
night,5
laser,5
glove,5
square,6
Morty,5
firehouse,9
dynamite,8
chainsaw,8
melon,5
waist,5
Chewbacca,9
kidney,6
stoned,6
Rick,4
ticket,6
skateboard,10
microwave,9
television,10
soil,4
exam,4
cocktail,8
India,5
Colosseum,9
missile,7
hilarious,9
Popeye,6
nuke,4
silo,4
chemical,8
museum,6
Vault boy,9
adorable,8
fast forward,12
firecracker,11
grandmother,11
Porky Pig,9
roadblock,9
continent,9
wrinkle,7
shaving cream,13
Northern Lights,15
tug,3
London Eye,10
Israel,6
shipwreck,9
xylophone,9
motorcycle,10
diamond,7
root,4
coffee,6
princess,8
Oreo,4
goldfish,8
wizard,6
chocolate,9
garbage,7
ladybug,7
shotgun,7
kazoo,5
Minecraft,9
video,5
message,7
lily,4
fisherman,9
cucumber,8
password,8
western,7
ambulance,9
doorknob,8
glowstick,9
makeup,6
barbecue,8
jazz,4
hedgehog,8
bark,4
tombstone,9
coast,5
pitchfork,9
Christmas,9
opera,5
office,6
insect,6
hunger,6
download,8
hairbrush,9
blueberry,9
cookie jar,10
canyon,6
Happy Meal,10
high five,9
fern,4
quarter,7
peninsula,9
imagination,11
microscope,10
table tennis,12
whisper,7
fly swatter,11
pencil case,11
harmonica,9
Family Guy,10
New Zealand,11
apple pie,9
warehouse,9
cookie,6
USB,3
jellyfish,9
bubble,6
battery,7
fireman,7
pizza,5
angry,5
taco,4
harp,4
alcohol,7
pound,5
bedtime,7
megaphone,9
husband,7
oval,4
rail,4
stab,4
dwarf,5
milkshake,9
witch,5
bakery,6
president,9
weak,4
second,6
sushi,5
mall,4
complete,8
hip hop,7
slippery,8
horizon,7
prawn,5
plumber,7
blowfish,8
Madagascar,10
Europe,6
bazooka,7
pogo stick,10
Terminator,10
Hercules,8
notification,12
snowball fight,14
high score,10
Kung Fu,7
Lady Gaga,9
geography,9
sledgehammer,12
bear trap,9
sky,3
cheese,6
vine,4
clown,5
catfish,7
snowman,7
bowl,4
waffle,6
vegetable,9
hook,4
shadow,6
dinosaur,8
lane,4
dance,5
scarf,5
cabin,5
Tweety,6
bookshelf,9
swordfish,9
skyline,7
base,4
straw,5
biscuit,7
Greece,6
bleach,6
pepper,6
reflection,10
universe,8
skateboarder,12
triplets,8
gold chain,10
electric car,12
policeman,9
electricity,11
mother,6
Bambi,5
croissant,9
Ireland,7
sandbox,7
stadium,7
depressed,9
Johnny Bravo,12
silverware,10
raspberry,9
dandruff,8
Scotland,8
comic book,10
cylinder,8
Milky Way,9
taxi driver,11
magic trick,11
sunrise,7
popcorn,7
eat,3
cola,4
cake,4
pond,4
mushroom,8
rocket,6
surfboard,9
baby,4
cape,4
glasses,7
sunburn,7
chef,4
gate,4
charger,7
crack,5
mohawk,6
triangle,8
carpet,6
dessert,7
taser,5
afro,4
cobra,5
ringtone,8
cockroach,9
levitate,8
mailman,7
rockstar,8
lyrics,6
grumpy,6
stand,5
Norway,6
binoculars,10
nightclub,9
puppet,6
novel,5
injection,9
thief,5
pray,4
chandelier,10
exercise,8
lava lamp,9
lap,3
massage,7
thermometer,11
golf cart,9
postcard,8
bell pepper,11
bed bug,7
paintball,9
Notch,5
yogurt,6
graffiti,8
burglar,7
butler,6
seafood,7
Sydney Opera House,18
Susan Wojcicki,14
parents,7
bed sheet,9
Leonardo da Vinci,17
intersection,12
palace,6
shrub,5
lumberjack,10
relationship,12
observatory,11
junk food,9
eye,3
log,3
dice,4
bicycle,7
pineapple,9
camera,6
circle,6
lemonade,8
soda,4
comb,4
cube,4
Doritos,7
love,4
table,5
honey,5
lighter,7
broccoli,8
fireplace,9
drive,5
Titanic,7
backpack,8
emerald,7
giraffe,7
world,5
internet,8
kitten,6
volume,6
Spain,5
daughter,8
armor,5
noob,4
rectangle,9
driver,6
raccoon,7
bacon,5
lady,4
bull,4
camping,7
poppy,5
snowball,8
farmer,6
lasso,5
breakfast,9
oxygen,6
milkman,7
caveman,7
laboratory,10
bandage,7
neighbor,8
Cupid,5
Sudoku,6
wedding,7
seagull,7
spatula,7
atom,4
dew,3
fortress,8
vegetarian,10
ivy,3
snowboard,9
conversation,12
treasure,8
chopsticks,10
garlic,6
vacuum,6
swimsuit,8
divorce,7
advertisement,13
vuvuzela,8
Mr Bean,7
Fred Flintstone,15
pet food,8
upgrade,7
voodoo,6
punishment,10
Charlie Chaplin,15
Rome,4
graduation,10
beatbox,7
communism,9
yeti,4
ear,3
dots,4
octagon,7
kite,4
lion,4
winner,6
muffin,6
cupcake,7
unicorn,7
smoke,5
lime,4
monster,7
Mars,4
moss,4
summer,6
lollipop,8
coffin,6
paint,5
lottery,7
wife,4
pirate,6
sandwich,8
lantern,7
seahorse,8
Cuba,4
archer,6
sweat,5
deodorant,9
plank,5
Steam,5
birthday,8
submarine,9
zombie,6
casino,6
gas,3
stove,5
helmet,6
mosquito,8
ponytail,8
corpse,6
subway,6
spy,3
jump rope,9
baguette,8
grin,4
centipede,9
gorilla,7
website,7
text,4
workplace,9
bookmark,8
anglerfish,10
wireless,8
Zorro,5
sports,6
abstract,8
detective,9
Amsterdam,9
elevator,8
chimney,7
reindeer,8
Singapore,9
perfume,7
soldier,7
bodyguard,9
magnifier,9
freezer,7
radiation,9
assassin,8
yawn,4
backbone,8
disaster,8
giant,5
pillow fight,12
grasshopper,11
Vin Diesel,10
geyser,6
burrito,7
celebrity,9
Lasagna,7
Pumba,5
karaoke,7
hypnotize,9
platypus,8
Leonardo DiCaprio,17
bird bath,9
battleship,10
back pain,9
rapper,6
werewolf,8
Black Friday,12
cathedral,9
Sherlock Holmes,15
ABBA,4
hard hat,8
sword,5
mirror,6
toilet,6
eggplant,8
jelly,5
hero,4
starfish,8
bread,5
snail,5
person,6
plunger,7
computer,8
nosebleed,9
goat,4
joker,5
sponge,6
mop,3
owl,3
beef,4
portal,6
genie,5
crocodile,9
murderer,8
magic,5
pine,4
winter,6
robber,6
pepperoni,9
shoebox,7
fog,3
screen,6
son,3
folder,6
mask,4
Goofy,5
Mercury,7
zipline,7
wall,4
dragonfly,9
zipper,6
meatball,8
slingshot,9
Pringles,8
circus,6
mammoth,7
nugget,6
mousetrap,9
recycling,9
revolver,8
champion,8
zigzag,6
meat,4
drought,7
vodka,5
notepad,7
porcupine,9
tuba,4
hacker,6
broomstick,10
kitchen,7
cheesecake,10
satellite,9
JayZ,4
squirrel,8
leprechaun,10
jello,5
gangster,8
raincoat,8
eyeshadow,9
shopping,8
gardener,8
scythe,6
portrait,8
jackhammer,10
allergy,7
honeycomb,9
headache,8
Miniclip,8
Mona Lisa,9
cheetah,7
virtual reality,15
virus,5
Argentina,9
blanket,7
military,8
headband,8
superpower,10
language,8
handshake,9
reptile,7
thirst,6
fake teeth,10
duct tape,9
macaroni,8
color-blind,11
comfortable,11
Robbie Rotten,13
coast guard,11
cab driver,10
pistachio,9
Angelina Jolie,14
autograph,9
sea lion,8
Morse code,10
clickbait,9
star,4
girl,4
lemon,5
alarm,5
shoe,4
soap,4
button,6
kiss,4
grave,5
telephone,9
fridge,6
katana,6
switch,6
eraser,6
signature,9
pasta,5
flamingo,8
crayon,6
puzzle,6
hard,4
juice,5
socks,5
crystal,7
telescope,9
galaxy,6
squid,5
tattoo,6
bowling,7
lamb,4
silver,6
lid,3
taxi,4
basket,6
step,4
stapler,7
pigeon,6
zoom,4
teacher,7
holiday,7
score,5
Tetris,6
frame,5
garden,6
stage,5
unicycle,8
cream,5
sombrero,8
error,5
battle,6
starfruit,9
hamster,7
chalk,5
spiral,6
bounce,6
hairspray,9
lizard,6
victory,7
balance,7
hexagon,7
Ferrari,7
MTV,3
network,7
weapon,6
fist fight,10
vault,5
mattress,8
viola,5
birch,5
stereo,6
Jenga,5
plug,4
chihuahua,9
plow,4
pavement,8
wart,4
ribbon,6
otter,5
magazine,8
Bomberman,9
vaccine,7
elder,5
Romania,7
champagne,9
semicircle,10
Suez Canal,10
Mr Meeseeks,11
villain,7
inside,6
spade,5
gravedigger,11
Bruce Lee,9
gentle,6
stingray,8
can opener,10
funeral,7
jet ski,7
wheelbarrow,11
thug,4
undo,4
fabulous,8
space suit,10
cappuccino,10
Minotaur,8
skydiving,9
cheerleader,11
Stone Age,9
Chinatown,9
razorblade,10
crawl space,11
cauldron,8
trick shot,10
Steve Jobs,10
audience,8
time machine,12
sewing machine,14
face paint,10
truck driver,12
x-ray,5
fly,3
salt,4
spider,6
boy,3
dollar,6
turtle,6
book,4
chain,5
dolphin,7
sing,4
milk,4
wing,4
pencil,6
snake,5
scream,6
toast,5
vomit,5
salad,5
radio,5
potion,6
dominoes,8
balloon,7
monkey,6
trophy,6
feather,7
leash,5
loser,5
bite,4
notebook,8
happy,5
Mummy,5
sneeze,6
koala,5
tired,5
sick,4
pipe,4
jalapeno,8
diaper,6
deer,4
priest,6
youtuber,8
boomerang,9
pro,3
ruby,4
hop,3
hopscotch,9
barcode,7
vote,4
wrench,6
tissue,6
doll,4
clownfish,9
halo,4
Monday,6
tentacle,8
grid,4
Uranus,6
oil,3
scarecrow,9
tarantula,9
germ,4
glow,4
haircut,7
Vatican,7
tape,4
judge,5
cell,4
diagonal,8
science,7
mustard,7
fur,3
janitor,7
ballerina,9
pike,4
nun,3
chime,5
tuxedo,6
Cerberus,8
panpipes,8
surface,7
coal,4
knot,4
willow,6
pajamas,7
fizz,4
student,7
eclipse,7
asteroid,8
Portugal,8
pigsty,6
brand,5
crowbar,7
chimpanzee,10
Chuck Norris,12
raft,4
carnival,8
treadmill,9
professor,9
tricycle,8
apocalypse,10
vitamin,7
orchestra,9
groom,5
cringe,6
knight,6
litter box,10
macho,5
brownie,7
hummingbird,11
Hula Hoop,9
motorbike,9
type,4
catapult,8
take off,8
wake up,7
concert,7
floppy disk,11
BMX,3
bulldozer,9
manicure,8
brainwash,9
William Wallace,15
guinea pig,10
motherboard,11
wheel,5
brick,5
egg,3
lava,4
queen,5
gold,4
God,3
ladder,6
coin,4
laptop,6
toaster,7
butter,6
bag,3
doctor,6
sit,3
tennis,6
half,4
Bible,5
noodle,6
golf,4
eagle,5
cash,4
vampire,7
sweater,7
father,6
remote,6
safe,4
jeans,5
darts,5
graph,5
nothing,7
dagger,6
stone,5
wig,3
cupboard,8
minute,6
match,5
slime,5
garage,6
tomb,4
soup,4
bathroom,8
llama,5
shampoo,7
swan,4
frown,5
toolbox,7
jacket,6
adult,5
crate,5
quill,5
spin,4
waiter,6
mint,4
kangaroo,8
captain,7
loot,4
maid,4
shoelace,8
luggage,7
cage,4
bagpipes,8
loaf,4
aircraft,8
shelf,5
safari,6
afterlife,9
napkin,6
steam,5
coach,5
slope,5
marigold,8
Mozart,6
bumper,6
Asterix,7
vanilla,7
papaya,6
ostrich,7
failure,7
scoop,5
tangerine,9
firefly,7
centaur,7
harbor,6
uniform,7
Beethoven,9
Intel,5
moth,4
Spartacus,9
fluid,5
acid,4
sparkles,8
talent show,11
ski jump,8
polo,4
ravioli,7
delivery,8
woodpecker,10
logo,4
Stegosaurus,11
diss track,10
Darwin Watterson,16
filmmaker,9
silence,7
dashboard,9
echo,4
windshield,10
Home Alone,10
tablecloth,10
backflip,8
headboard,9
licorice,8
sunshade,8
Picasso,7
airbag,6
water cycle,11
meatloaf,8
insomnia,8
broom,5
whale,5
pie,3
demon,5
bed,3
braces,6
fence,5
orange,6
sleep,5
gift,4
Popsicle,8
spear,5
zebra,5
Saturn,6
maze,4
chess,5
wire,4
angel,5
skates,6
pyramid,7
shower,6
claw,4
hell,4
goal,4
bottle,6
dress,5
walk,4
AC/DC,5
tampon,6
goatee,6
prince,6
flask,5
cut,3
cord,4
roof,4
movie,5
ash,3
tiger,5
player,6
magician,8
wool,4
saddle,6
cowboy,6
derp,4
suitcase,8
sugar,5
nest,4
anchor,6
onion,5
magma,5
limbo,5
collar,6
mole,4
bingo,5
walnut,6
wealth,6
security,8
leader,6
melt,4
Gandhi,6
arch,4
toy,3
turd,4
scientist,9
hippo,5
glue,4
kneel,5
orbit,5
below,5
totem,5
health,6
towel,5
diet,4
crow,4
addiction,9
minigolf,8
clay,4
boar,4
navy,4
butcher,7
trigger,7
referee,7
bruise,6
translate,9
yearbook,8
confused,8
engine,6
poke,4
wreath,6
omelet,6
gravity,7
bride,5
godfather,9
flu,3
accordion,9
engineer,8
cocoon,6
minivan,7
bean bag,8
antivirus,9
billiards,9
rake,4
cement,6
cauliflower,11
espresso,8
violence,8
blender,7
chew,4
bartender,9
witness,7
hobbit,6
corkscrew,9
chameleon,9
cymbal,6
Excalibur,9
grapefruit,10
action,6
outside,7
guillotine,10
timpani,7
frostbite,9
leave,5
Mont Blanc,10
palette,7
electrician,11
fitness trainer,15
journalist,10
fashion designer,16
bucket,6
penguin,7
sheep,5
torch,5
robot,5
peanut,6
UFO,3
belt,4
Earth,5
magnet,6
dragon,6
soccer,6
desk,4
search,6
seal,4
scribble,8
gender,6
food,4
anvil,5
crust,5
bean,4
hockey,6
pot,3
pretzel,7
needle,6
blimp,5
plate,5
drool,5
frog,4
basement,8
idea,4
bracelet,8
cork,4
sauce,5
gang,4
sprinkler,9
shout,5
morning,7
poodle,6
karate,6
bagel,5
wolf,4
sausage,7
heat,4
wasp,4
calendar,8
tadpole,7
religion,8
hose,4
sleeve,6
acorn,5
sting,5
market,6
marble,6
comet,5
pain,4
cloth,5
drawer,6
orca,4
hurdle,6
pinball,7
narwhal,7
pollution,9
metal,5
race,4
end,3
razor,5
dollhouse,9
distance,8
prism,5
pub,3
lotion,6
vanish,6
vulture,7
beanie,6
burp,4
periscope,9
cousin,6
customer,8
label,5
mold,4
kebab,5
beaver,6
spark,5
meme,4
pudding,7
almond,6
mafia,5
gasp,4
nightmare,9
mermaid,7
season,6
gasoline,8
evening,7
eel,3
cast,4
hive,4
beetle,6
diploma,7
jeep,4
bulge,5
wrestler,8
Anubis,6
mascot,6
spinach,7
hieroglyph,10
anaconda,8
handicap,8
walrus,6
blacksmith,10
robin,5
reception,9
invasion,8
fencing,7
sphinx,6
evolution,9
brunette,8
traveler,8
jaguar,6
diagram,7
hovercraft,10
parade,6
dome,4
credit,6
tow truck,9
shallow,7
vlogger,7
veterinarian,12
furniture,9
commercial,10
cyborg,6
scent,5
defense,7
accident,8
marathon,8
demonstration,13
NASCAR,6
Velociraptor,12
pharmacist,10
Xerox,5
gentleman,9
dough,5
rhinoceros,10
air conditioner,15
poop,4
clock,5
carrot,6
cherry,6
candle,6
boots,5
target,6
wine,4
die,3
moon,4
airplane,8
think,5
pause,5
pill,4
pocket,6
Easter,6
horse,5
child,5
lamp,4
pillow,6
yolk,4
potato,6
pickle,6
nurse,5
ham,3
ninja,5
screw,5
board,5
pin,3
lettuce,7
console,7
climb,5
goose,5
bill,4
tortoise,8
sink,4
ski,3
glitter,7
miner,5
parrot,6
clap,4
spit,4
wiggle,6
peacock,7
roll,4
ballet,6
ceiling,7
celebrate,9
blind,5
yacht,5
addition,8
flock,5
powder,6
paddle,6
harpoon,7
kraken,6
baboon,6
antenna,7
classroom,9
bronze,6
writer,6
Obelix,6
touch,5
sensei,6
rest,4
puma,4
dent,4
shake,5
goblin,6
laundry,7
cloak,5
detonate,8
Neptune,7
cotton,6
generator,9
canary,6
horsewhip,9
racecar,7
Croatia,7
tip,3
cardboard,9
commander,9
seasick,7
anthill,7
vinegar,7
hippie,6
dentist,7
animation,9
Slinky,6
wallpaper,9
pendulum,8
vertical,8
chestplate,10
anime,5
beanstalk,9
survivor,8
florist,7
faucet,6
spore,5
risk,4
wonderland,10
wrestling,9
hazelnut,8
cushion,7
W-LAN,5
mayor,5
community,9
raisin,6
udder,5
oyster,6
sew,3
hazard,6
curry,5
pastry,6
mime,4
victim,6
mechanic,8
hibernate,9
bouncer,7
Iron Giant,10
floodlight,10
pear,4
sad,3
paw,3
space,5
bullet,6
skribbl.io,10
shirt,5
cow,3
worm,4
king,4
tea,3
truck,5
pants,5
hashtag,7
DNA,3
bird,4
Monster,7
beer,4
curtain,7
tire,4
nachos,6
bear,4
cricket,7
teapot,6
nerd,4
deaf,4
fruit,5
meteorite,9
rice,4
sniper,6
sale,4
gnome,5
shock,5
shape,5
alligator,9
meal,4
nickel,6
party,5
hurt,4
Segway,6
Mr. Bean,8
banker,6
cartoon,7
double,6
hammock,7
juggle,6
pope,4
leak,4
room,4
throne,6
hoof,4
radar,5
wound,5
luck,4
swag,4
panther,7
flush,5
Venus,5
disease,7
fortune,7
porch,5
machine,7
pilot,5
copper,6
mantis,6
keg,3
biology,7
wax,3
gloss,5
leech,5
sculpture,9
pelican,7
trapdoor,8
plague,6
quilt,5
yardstick,9
lounge,6
teaspoon,8
broadcast,9
uncle,5
comedian,8
mannequin,9
peasant,7
streamer,8
oar,3
drama,5
cornfield,9
carnivore,9
wingnut,7
vent,4
cabinet,7
vacation,8
applause,8
vision,6
radish,6
picnic,6
Skrillex,8
jester,6
preach,6
armadillo,9
hyena,5
librarian,9
interview,9
sauna,5
surgeon,7
dishrag,7
manatee,7
symphony,8
queue,5
industry,8
Atlantis,8
excavator,9
canister,8
model,5
flight attendant,16
ghost,5
pig,3
key,3
banana,6
tomato,6
axe,3
line,4
present,7
duck,4
alien,5
peas,4
gem,3
web,3
grapes,6
corn,4
can,3
fairy,5
camel,5
paper,5
beak,4
corner,6
penny,5
dig,3
link,4
donkey,6
fox,3
rug,3
drip,4
hunter,6
horn,4
purse,5
gumball,7
pony,4
musket,6
flea,4
kettle,6
rooster,7
balcony,7
seesaw,6
stork,5
dinner,6
greed,5
bait,4
duel,4
trap,4
heist,5
origami,7
skunk,5
coaster,7
leather,7
socket,6
fireside,8
cannon,6
ram,3
filter,6
alpaca,6
Zelda,5
condiment,9
server,6
antelope,8
emu,3
chestnut,8
dalmatian,9
swarm,5
sloth,5
reality,7
Darwin,6
torpedo,7
toucan,6
pedal,5
tabletop,8
frosting,8
bellow,6
vortex,6
bayonet,7
margarine,9
orchid,6
beet,4
journey,7
slam,4
marmalade,9
employer,8
stylus,6
spoiler,7
repeat,6
tiramisu,8
cuckoo,6
collapse,8
eskimo,6
assault,7
orangutan,9
wrapping,8
albatross,9
mothball,8
evaporate,9
turnip,6
puffin,6
reeds,5
receptionist,12
impact,6
dispenser,9
nutshell,8
procrastination,15
architect,9
programmer,10
bricklayer,10
boat,4
bell,4
ring,4
fries,5
money,5
chair,5
door,4
bee,3
tail,4
ball,4
mouse,5
rat,3
window,6
peace,5
nut,3
blush,5
page,4
toad,4
hug,3
ace,3
tractor,7
peach,5
whisk,5
hen,3
day,3
shy,3
lawyer,6
rewind,6
tripod,6
trailer,7
hermit,6
welder,6
festival,8
punk,4
handle,6
protest,7
lens,4
attic,5
foil,4
promotion,9
work,4
limousine,9
patriot,7
badger,6
studio,6
athlete,7
quokka,6
trend,5
pinwheel,8
gravel,6
fabric,6
lemur,5
provoke,7
rune,4
display,7
nail file,9
embers,6
asymmetry,9
actor,5
carpenter,9
aristocrat,10
Zuma,4
chinchilla,10
archaeologist,13
apple,5
hat,3
sun,3
box,3
cat,3
cup,3
train,5
bunny,5
sound,5
run,3
barrel,6
barber,6
grill,5
read,4
family,6
moose,5
boil,4
printer,7
poster,6
sledge,6
nutmeg,6
heading,7
cruise,6
pillar,6
retail,6
monk,4
spool,5
catalog,7
scuba,5
anteater,8
pensioner,9
coyote,6
vise,4
bobsled,7
purity,6
tailor,6
meerkat,7
weasel,6
invention,9
lynx,4
kendama,7
zeppelin,8
patient,7
gladiator,9
slump,5
Capricorn,9
baklava,7
prune,5
stress,6
crucible,8
hitchhiker,10
election,8
caviar,6
marmot,6
hair roller,11
pistol,6
cone,4
ant,3
lock,4
hanger,6
cap,3
Mr. Meeseeks,12
comedy,6
coat,4
tourist,7
tickle,6
facade,6
shrew,5
diva,4
patio,5
apricot,7
spelunker,9
parakeet,8
barbarian,9
tumor,5
figurine,8
desperate,9
landlord,8
bus,3
mug,3
dog,3
shark,5
abyss,5
betray,6
cicada,6
